ticker,stress_v,shk_act,shk_F,shk_stat,zscore,signal,dahs_v,regime_v,close,vwap20,vp_poc,pct_1d,rsi,rsi_zone,atr14,ema10,ema20,slope10,slope20,sma50,sma200,rvol20,bb_2sigma_up,bb_2sigma_dn,reason,shk_R,name
^GSPC,0.3976,hold,NORMAL,OK,0.739,TAKE_PROFIT,5,,6811.76,,,0.0069,83.41,,,6798.35,6761.77,0.131,0.102,,,1.254,6860.33,6653.42,near +2sigma or rsi>=70 with vol,no_shock,SP500
SPY,0.3482,hold,NORMAL,OK,0.767,TAKE_PROFIT,5,1.0,679.63,670.59,671.5,0.0069,84.0,neutral,10.85,678.34,674.69,0.131,0.102,670.02,615.65,1.329,684.56,663.84,near +2sigma or rsi>=70 with vol,no_shock,SPY
1329.T,0.1913,hold,NORMAL,OK,-0.171,TAKE_PROFIT,5,,5221.0,,,0.0126,72.57,,,5162.83,5140.61,0.168,0.004,,,1.131,5224.63,5004.07,near +2sigma or rsi>=70 with vol,no_shock,日経225ETF
6339.T,0.217,hold,NORMAL,OK,1.238,TAKE_PROFIT,4,0.0,1035.0,1008.79,1004.35,0.0147,71.7,neutral,17.21,1019.94,1012.67,0.157,0.117,1020.44,908.27,0.557,1031.48,991.62,near +2sigma or rsi>=70 with vol,no_shock,新東工業
^N225,0.2544,hold,NORMAL,OK,-0.182,TAKE_PROFIT,4,,50178.5,,,0.0312,72.41,,,49633.87,49419.55,0.168,0.005,,,,50234.12,48097.62,near +2sigma or rsi>=70 with vol,no_shock,日経225先物
8316.T,0.3529,hold,NORMAL,OK,2.262,TAKE_PROFIT,4,0.0,4721.0,4311.92,4076.35,0.021,85.29,overbought,120.14,4622.67,4561.75,0.381,0.15,4170.34,3818.22,0.558,4732.63,4328.87,near +2sigma or rsi>=70 with vol,no_shock,三井住友F
1496.T,0.5,hold,NORMAL,OK,1.187,TAKE_PROFIT,4,,1762.0,,,0.0006,75.0,,,1758.96,1755.23,0.048,0.04,,,0.056,1767.24,1741.76,near +2sigma or rsi>=70 with vol,no_shock,USD投資適格社債ETF(H)
2866.T,0.3914,hold,NORMAL,OK,0.583,TAKE_PROFIT,4,,993.0,,,0.002,69.57,,,990.11,988.54,0.056,0.005,,,0.209,994.26,979.44,near +2sigma or rsi>=70 with vol,no_shock,GX米国優先証券
1489.T,0.56,hold,NORMAL,OK,1.791,TAKE_PROFIT,4,,2766.0,,,0.0047,78.0,,,2748.72,2732.9,0.163,0.083,,,0.156,2778.42,2675.88,near +2sigma or rsi>=70 with vol,no_shock,日経平均高配当ETF
5713.T,0.2176,hold,NORMAL,OK,0.549,TAKE_PROFIT,3,0.0,5043.0,4973.41,4941.9,0.0323,71.76,neutral,184.14,4922.21,4888.84,0.209,-0.01,4905.36,3787.68,0.466,5029.01,4660.09,near +2sigma or rsi>=70 with vol,no_shock,住友鉱山
4063.T,0.3297,hold,NORMAL,OK,1.09,BUY,4,0.0,4648.0,4561.91,4419.71,0.0067,82.97,neutral,76.71,4605.58,4568.51,0.265,0.109,4738.48,4540.27,0.468,4691.09,4411.01,ema10>ema20 & slopes>0 & rsi>=45 & close>=ema20,no_shock,信越化学
^DJI,0.8138,hold,NORMAL,OK,0.608,BUY,4,,47419.67,,,0.0067,90.69,,,47323.87,47074.94,0.138,0.087,,,0.912,47831.2,46152.74,ema10>ema20 & slopes>0 & rsi>=45 & close>=ema20,no_shock,ダウ平均指数
^NDX,0.409,hold,NORMAL,OK,0.18,BUY,4,,25234.05,,,0.0087,70.45,,,25163.28,25012.38,0.147,0.117,,,0.842,25401.43,24607.79,ema10>ema20 & slopes>0 & rsi>=45 & close>=ema20,no_shock,NASDAQ100
^IXIC,0.4442,hold,NORMAL,OK,0.296,BUY,4,,23211.97,,,0.0082,72.21,,,23148.73,23003.59,0.147,0.127,,,0.958,23368.97,22633.87,ema10>ema20 & slopes>0 & rsi>=45 & close>=ema20,no_shock,NASDAQ総合
^RUT,0.6118,hold,NORMAL,OK,1.249,BUY,4,,2486.92,,,0.0082,80.59,,,2479.72,2455.7,0.207,0.197,,,,2521.64,2386.44,ema10>ema20 & slopes>0 & rsi>=45 & close>=ema20,no_shock,Russell_2000
GLDM,0.2781,hold,NORMAL,OK,1.335,BUY,4,1.0,82.44,80.68,81.56,0.0078,67.81,neutral,1.3434,82.27,81.95,0.077,0.076,79.36,68.27,0.499,82.91,80.92,ema10>ema20 & slopes>0 & rsi>=45 & close>=ema20,no_shock,Gold
1540.T,0.2353,hold,NORMAL,OK,1.07,BUY,4,0.0,19915.0,19375.88,19410.94,0.003,73.53,neutral,401.07,19859.9,19780.76,0.09,0.062,19101.7,15543.98,0.756,20086.75,19402.75,ema10>ema20 & slopes>0 & rsi>=45 & close>=ema20,no_shock,純金上場信託（1540）
2914.T,0.3722,hold,NORMAL,OK,1.345,BUY,4,0.0,5917.0,5533.29,4908.5,0.012,87.22,overbought,95.57,5850.33,5812.7,0.225,0.056,5152.08,4506.75,0.706,5954.62,5626.88,ema10>ema20 & slopes>0 & rsi>=45 & close>=ema20,no_shock,JT
8058.T,0.1691,hold,NORMAL,OK,0.701,BUY,4,0.0,3691.0,3647.68,3571.23,0.0019,66.91,neutral,71.5,3688.78,3675.91,0.125,0.051,3603.98,3022.16,0.376,3725.11,3614.79,ema10>ema20 & slopes>0 & rsi>=45 & close>=ema20,no_shock,三菱商事
LITE,0.082,hold,NORMAL,OK,1.985,BUY,4,0.0,308.26,245.15,166.17,0.0584,58.2,neutral,27.52,301.51,293.08,0.538,0.659,197.47,115.25,0.591,311.74,279.84,ema10>ema20 & slopes>0 & rsi>=45 & close>=ema20,no_shock,LITE
NBIS,0.0902,hold,NORMAL,OK,-0.419,BUY,4,0.0,94.68,97.01,95.3,0.0654,56.54,neutral,10.16,92.62,91.35,0.361,0.208,110.13,60.81,0.516,95.74,86.53,ema10>ema20 & slopes>0 & rsi>=45 & close>=ema20,no_shock,NBIS
BE,0.1914,hold,NORMAL,OK,-0.904,BUY,4,0.0,101.18,113.93,88.64,0.0726,63.65,neutral,15.03,97.79,96.46,0.514,0.022,103.79,47.23,0.846,101.73,88.7,ema10>ema20 & slopes>0 & rsi>=45 & close>=ema20,no_shock,BE
JEPQ,0.2192,hold,NORMAL,OK,0.561,BUY,4,0.0,58.41,57.73,57.22,0.0081,71.92,neutral,1.1426,58.26,57.92,0.139,0.113,57.71,54.59,0.452,58.77,57.05,ema10>ema20 & slopes>0 & rsi>=45 & close>=ema20,no_shock,JEPQ
MSFT,0.3085,hold,NORMAL,OK,-0.882,BUY,4,1.0,485.49,499.25,517.3,0.0178,71.58,neutral,11.84,483.66,481.36,0.192,0.016,510.92,467.58,0.801,490.65,466.9,ema10>ema20 & slopes>0 & rsi>=45 & close>=ema20,no_shock,MSFT
IREN,0.0767,hold,NORMAL,OK,-0.678,BUY,3,0.0,48.45,55.41,60.7,0.0206,49.8,oversold,6.0479,47.9,47.33,0.28,0.26,54.62,23.42,0.328,49.57,45.44,ema10>ema20 & slopes>0 & rsi>=45 & close>=ema20,no_shock,IREN
NVDA,0.2542,hold,NORMAL,OK,-1.119,HOLD,3,1.0,180.19,188.54,177.86,0.0137,45.27,neutral,9.02,179.7,179.66,0.103,-0.067,186.81,153.44,1.698,185.64,172.66,no clear edge; wait,no_shock,Nvidia
^VIX,0.4433,hold,NORMAL,OK,-0.923,HOLD,0,2.0,17.2,,,-0.0738,18.89,neutral,3.36,17.57,18.23,-0.698,-0.813,18.45,19.66,,19.5,16.73,no clear edge; wait,no_shock,恐怖指数（VIX）
